{"cameraMode":{"drawMode":0,"name":"Shaded","section":"Shading Mode"},"sceneLighting":false,"audioPlay":false,"sceneViewState":{"m_AlwaysRefresh":false,"showFog":true,"showSkybox":false,"showFlares":true,"showImageEffects":true,"showParticleSystems":true,"showVisualEffectGraphs":true,"m_FxEnabled":true},"in2DMode":false,"pivot":{"x":0.14359250664710999,"y":0.12300147116184235,"z":-0.488790899515152},"rotation":{"x":0.004189006052911282,"y":0.9756345152854919,"z":-0.222076416015625,"w":-0.001538313110359013},"size":1.4102247953414918,"orthographic":false}