{"cameraMode":{"drawMode":0,"name":"Shaded","section":"Shading Mode"},"sceneLighting":false,"audioPlay":false,"sceneViewState":{"m_AlwaysRefresh":false,"showFog":true,"showSkybox":false,"showFlares":true,"showImageEffects":true,"showParticleSystems":true,"showVisualEffectGraphs":true,"m_FxEnabled":true},"in2DMode":false,"pivot":{"x":63.90705871582031,"y":291.7412414550781,"z":-169.83370971679688},"rotation":{"x":0.027370942756533624,"y":0.010345899499952793,"z":0.004755567293614149,"w":1.000159502029419},"size":70.71067810058594,"orthographic":false}