{"cameraMode":{"drawMode":0,"name":"Shaded","section":"Shading Mode"},"sceneLighting":true,"audioPlay":false,"sceneViewState":{"m_AlwaysRefresh":false,"showFog":true,"showSkybox":true,"showFlares":true,"showImageEffects":true,"showParticleSystems":true,"showVisualEffectGraphs":true,"m_FxEnabled":true},"in2DMode":false,"pivot":{"x":-33.495872497558597,"y":-18.265628814697267,"z":-53.94269943237305},"rotation":{"x":-0.027058852836489679,"y":0.9666001796722412,"z":-0.14716942608356477,"w":-0.21147197484970094},"size":47.61992263793945,"orthographic":false}