{"cameraMode":{"drawMode":0,"name":"Shaded","section":"Shading Mode"},"sceneLighting":false,"audioPlay":false,"sceneViewState":{"m_AlwaysRefresh":false,"showFog":true,"showSkybox":false,"showFlares":true,"showImageEffects":true,"showParticleSystems":true,"showVisualEffectGraphs":true,"m_FxEnabled":true},"in2DMode":false,"pivot":{"x":-0.11682665348052979,"y":0.3310115337371826,"z":-0.10278519988059998},"rotation":{"x":-0.2028399109840393,"y":0.6332351565361023,"z":-0.1777900755405426,"w":-0.7259796857833862},"size":0.8906552195549011,"orthographic":false}