{"cameraMode":{"drawMode":0,"name":"Shaded","section":"Shading Mode"},"sceneLighting":false,"audioPlay":false,"sceneViewState":{"m_AlwaysRefresh":false,"showFog":true,"showSkybox":false,"showFlares":true,"showImageEffects":true,"showParticleSystems":true,"showVisualEffectGraphs":true,"m_FxEnabled":true},"in2DMode":false,"pivot":{"x":0.37576064467430117,"y":1.109897255897522,"z":0.6012256145477295},"rotation":{"x":-0.010080344043672085,"y":0.28959915041923525,"z":0.0070811244659125809,"w":0.9576870799064636},"size":1.0552562475204468,"orthographic":false}