{"cameraMode":{"drawMode":0,"name":"Shaded","section":"Shading Mode"},"sceneLighting":true,"audioPlay":false,"sceneViewState":{"m_AlwaysRefresh":false,"showFog":true,"showSkybox":false,"showFlares":true,"showImageEffects":true,"showParticleSystems":true,"showVisualEffectGraphs":true,"m_FxEnabled":true},"in2DMode":false,"pivot":{"x":-12.069562911987305,"y":6.024687767028809,"z":4.2089385986328129},"rotation":{"x":-0.015566605143249035,"y":0.9844353199005127,"z":-0.1235140711069107,"w":-0.1244058609008789},"size":14.062406539916993,"orthographic":false}